{
  "path": "mod_xlfoodmod/strawberry_plant.json",
  "enabled": true,
  "id": "xlfoodmod:strawberry_plant",
  "plant_name": "Strawberry Plant",
  "seed_name": "Strawberry Seeds",
  "seed_items": [
    {
      "item": "xlfoodmod:strawberry_seeds",
      "meta": 0,
      "tags": "",
      "ignoreMeta": false,
      "ignoreTags": [
        "*"
      ],
      "useOreDict": false
    }
  ],
  "description": {
    "translations": {},
    "default": "Strawberry"
  },
  "growth_chance": 1.0,
  "growth_bonus": 0.025,
  "bonemeal": true,
  "tier": 1,
  "weedable": false,
  "aggressive": false,
  "spread_chance": 0.1,
  "spawn_chance": 0.0,
  "grass_drop_chance": 0.0,
  "seed_drop_chance": 1.0,
  "seed_drop_bonus": 0.0,
  "products": {
    "products": [
      {
        "min": 1,
        "max": 3,
        "chance": 0.95,
        "required": true,
        "item": "xlfoodmod:strawberry",
        "meta": 0,
        "tags": "",
        "ignoreMeta": false,
        "ignoreTags": [],
        "useOreDict": false
      }
    ]
  },
  "requirement": {
    "min_light": 10,
    "max_light": 16,
    "soils": [
      "farmland_soil",
      "grass_soil",
      "fertilized_dirt_soil",
      "fertile_soil",
      "loamy_farmland_soil",
      "sandy_farmland_soil",
      "silty_farmland_soil",
      "fertilized_farmland_stable_soil",
      "fertilized_farmland_rich_stable_soil",
      "fertilized_farmland_rich_soil",
      "fertilized_farmland_healthy_stable_soil",
      "fertilized_farmland_healthy_soil"
    ],
    "conditions": []
  },
  "texture": {
    "render_type": "hash",
    "seed_texture": "xlfoodmod:strawberry_seeds",
    "plant_textures": [
      "xlfoodmod:blocks/strawberry_plant0",
      "xlfoodmod:blocks/strawberry_plant1",
      "xlfoodmod:blocks/strawberry_plant2",
      "xlfoodmod:blocks/strawberry_plant3",
      "xlfoodmod:blocks/strawberry_plant4",
      "xlfoodmod:blocks/strawberry_plant5"
    ]
  }
}
